team,short_name,conference,season,ba,ob_pct,slg_pct,ab,r,h,x2b,x3b,tb,hr,ibb,bb,hbp,rbi,sf,sh,k,kl,dp,gdp,tp,sb,sba,cs,picked,go,fo,url
Texas Longhorns,Texas,SEC,2025,0.352,0.428,0.583,1790,486,630,99,16,1043,94,6,228,37,460,36,28,235,63,24,12,NA,84,100,16,NA,460,478,https://stats.ncaa.org/teams/595105
Texas A&M Aggies,Texas A&M,SEC,2025,0.343,0.446,0.547,1542,451,529,99,10,843,65,4,243,62,416,25,12,180,70,24,12,NA,70,78,8,NA,392,420,https://stats.ncaa.org/teams/595101
Florida Gators,Florida,SEC,2025,0.334,0.442,0.589,1695,476,566,89,8,998,109,2,299,50,451,26,10,202,57,25,8,NA,96,104,8,NA,397,520,https://stats.ncaa.org/teams/595332
Oklahoma Sooners,Oklahoma(AQ),SEC,2025,0.33,0.447,0.629,1560,454,515,89,7,981,121,1,285,54,422,13,22,238,57,20,9,NA,60,75,15,NA,387,427,https://stats.ncaa.org/teams/595311
Tennessee Volunteers,Tennessee,SEC,2025,0.302,0.404,0.511,1608,370,485,79,19,821,73,11,242,49,344,24,24,277,68,26,17,NA,73,88,15,NA,389,460,https://stats.ncaa.org/teams/595099
UCLA Bruins,UCLA,Big Ten,2025,0.34,0.434,0.591,1751,485,595,107,15,1035,101,11,253,56,459,24,15,216,64,28,13,NA,38,46,8,NA,402,541,https://stats.ncaa.org/teams/595324
Florida St. Seminoles,Florida St.,ACC,2025,0.346,0.431,0.579,1638,452,566,91,21,948,83,1,220,46,421,27,12,188,54,19,12,NA,81,98,17,NA,382,496,https://stats.ncaa.org/teams/595159
South Carolina Gamecocks,South Carolina,SEC,2025,0.306,0.413,0.467,1514,363,464,98,8,707,43,3,256,38,342,26,9,202,60,23,8,NA,49,63,14,NA,396,448,https://stats.ncaa.org/teams/595082
Texas Tech Red Raiders,Texas Tech(AQ),Big 12,2025,0.316,0.391,0.488,1748,407,552,93,14,853,60,NA,176,50,362,18,20,224,53,25,15,NA,109,145,36,NA,484,449,https://stats.ncaa.org/teams/595103
Arkansas Razorbacks,Arkansas,SEC,2025,0.32,0.439,0.537,1532,436,491,90,10,823,74,10,291,57,399,29,16,195,52,18,11,NA,37,40,3,NA,364,464,https://stats.ncaa.org/teams/595193
LSU Tigers,LSU,SEC,2025,0.332,0.438,0.484,1484,398,492,84,8,718,42,3,273,30,359,29,12,182,78,21,9,NA,62,74,12,NA,353,454,https://stats.ncaa.org/teams/595259
Clemson Tigers,Clemson(AQ),ACC,2025,0.325,0.42,0.553,1688,439,549,105,12,933,85,1,255,39,404,24,16,272,58,19,8,1,48,55,7,NA,399,459,https://stats.ncaa.org/teams/595218
Arizona Wildcats,Arizona,Big 12,2025,0.348,0.437,0.571,1601,433,557,73,19,914,82,4,237,33,388,23,31,198,57,26,15,NA,44,53,9,NA,471,378,https://stats.ncaa.org/teams/595192
Oregon Ducks,Oregon,Big Ten,2025,0.345,0.438,0.574,1689,491,583,91,19,970,86,1,243,54,438,25,25,260,53,18,8,NA,175,194,19,NA,403,442,https://stats.ncaa.org/teams/595053
Duke Blue Devils,Duke,ACC,2025,0.329,0.397,0.508,1600,378,526,76,14,813,61,NA,160,35,341,21,31,213,54,12,4,NA,61,75,14,NA,410,447,https://stats.ncaa.org/teams/595325
Auburn Tigers,Auburn,SEC,2025,0.272,0.372,0.46,1516,308,413,58,11,697,68,3,217,32,274,13,12,339,87,31,22,1,59,74,15,NA,313,432,https://stats.ncaa.org/teams/595194
Ole Miss Rebels,Ole Miss,SEC,2025,0.302,0.389,0.486,1666,361,503,88,9,810,67,1,193,60,330,25,18,242,79,23,11,NA,78,90,12,NA,429,489,https://stats.ncaa.org/teams/595281
Alabama Crimson Tide,Alabama,SEC,2025,0.313,0.396,0.493,1619,357,507,77,17,798,60,NA,186,50,326,19,32,213,46,13,7,NA,113,130,17,NA,429,468,https://stats.ncaa.org/teams/595187
Stanford Cardinal,Stanford,ACC,2025,0.354,0.443,0.633,1516,448,536,99,11,960,101,2,210,48,422,18,11,204,67,9,6,1,45,47,2,NA,341,421,https://stats.ncaa.org/teams/595092
Virginia Tech Hokies,Virginia Tech,ACC,2025,0.325,0.408,0.616,1502,391,488,89,6,925,112,2,204,14,375,10,3,208,59,21,13,NA,37,43,6,NA,304,466,https://stats.ncaa.org/teams/595116
Oklahoma St. Cowgirls,Oklahoma St.,Big 12,2025,0.3,0.393,0.479,1405,284,421,67,10,673,55,NA,175,50,254,15,41,191,43,20,9,NA,95,111,16,NA,391,424,https://stats.ncaa.org/teams/595051
Mississippi St. Bulldogs,Mississippi St.,SEC,2025,0.314,0.407,0.534,1482,370,465,90,7,791,74,1,212,36,339,21,17,200,72,22,11,NA,49,54,5,NA,332,477,https://stats.ncaa.org/teams/595279
Georgia Bulldogs,Georgia,SEC,2025,0.291,0.378,0.462,1486,300,433,68,12,687,54,NA,185,32,276,15,32,255,61,27,11,NA,67,79,12,NA,402,392,https://stats.ncaa.org/teams/595229
Nebraska Huskers,Nebraska,Big Ten,2025,0.346,0.43,0.628,1568,459,543,101,10,985,107,2,187,57,410,19,18,223,69,15,5,NA,45,54,9,NA,365,412,https://stats.ncaa.org/teams/595290
Liberty Lady Flames,Liberty(AQ),CUSA,2025,0.328,0.409,0.521,1704,407,559,99,13,888,68,3,230,27,361,36,24,186,57,24,10,NA,117,139,22,NA,451,516,https://stats.ncaa.org/teams/595335
Ohio St. Buckeyes,Ohio St.,Big Ten,2025,0.335,0.443,0.7,1560,495,523,102,13,1092,147,2,280,34,471,16,4,329,83,19,9,NA,29,34,5,NA,227,456,https://stats.ncaa.org/teams/595049
California Golden Bears,California,ACC,2025,0.313,0.405,0.513,1507,345,471,94,8,773,64,NA,194,50,307,16,24,235,65,15,9,NA,70,96,26,NA,382,410,https://stats.ncaa.org/teams/595126
Virginia Cavaliers,Virginia,ACC,2025,0.307,0.384,0.533,1509,340,463,90,22,804,69,3,180,24,313,22,20,215,46,15,10,NA,67,81,14,NA,364,460,https://stats.ncaa.org/teams/595117
UCF Knights,UCF,Big 12,2025,0.287,0.362,0.436,1546,264,443,77,8,674,46,NA,161,29,240,11,41,202,48,24,13,NA,53,70,17,NA,472,432,https://stats.ncaa.org/teams/595131
San Diego St. Aztecs,San Diego St.(AQ),Mountain West,2025,0.297,0.369,0.428,1510,272,448,74,8,646,36,1,147,34,243,13,20,230,50,17,8,NA,82,102,20,NA,418,397,https://stats.ncaa.org/teams/595315
Fla. Atlantic Owls,Fla. Atlantic,The American,2025,0.333,0.418,0.502,1524,367,508,93,13,765,46,NA,193,44,330,22,18,138,53,19,6,NA,58,65,7,NA,376,487,https://stats.ncaa.org/teams/595157
South Fla. Bulls,South Fla.(AQ),The American,2025,0.323,0.42,0.514,1519,365,490,92,17,781,55,2,209,66,340,27,65,174,41,21,15,NA,57,70,13,NA,441,455,https://stats.ncaa.org/teams/595085
Grand Canyon Lopes,Grand Canyon(AQ),WAC,2025,0.347,0.434,0.525,1425,356,495,74,4,748,57,NA,201,33,326,21,38,228,66,22,11,NA,110,125,15,NA,337,379,https://stats.ncaa.org/teams/595326
Missouri Tigers,Missouri,SEC,2025,0.255,0.357,0.467,1394,258,355,71,6,651,71,NA,199,29,235,9,33,306,77,22,13,NA,38,52,14,NA,343,392,https://stats.ncaa.org/teams/595282
Kentucky Wildcats,Kentucky,SEC,2025,0.292,0.378,0.478,1505,297,439,69,16,720,60,3,186,32,264,15,50,234,67,18,8,NA,30,39,9,NA,396,460,https://stats.ncaa.org/teams/595253
North Florida Ospreys,North Florida(AQ),ASUN,2025,0.304,0.394,0.433,1574,318,478,80,11,682,34,4,228,19,285,21,31,160,52,14,9,NA,67,84,17,NA,459,470,https://stats.ncaa.org/teams/595177
Arizona St. Sun Devils,Arizona St.,Big 12,2025,0.302,0.371,0.462,1449,263,437,71,6,670,50,NA,133,39,248,19,29,194,49,22,8,NA,53,73,20,NA,424,404,https://stats.ncaa.org/teams/595191
Michigan Wolverines,Michigan(AQ),Big Ten,2025,0.306,0.379,0.484,1616,330,495,72,7,782,67,2,163,32,296,10,19,235,60,20,11,NA,54,61,7,NA,414,437,https://stats.ncaa.org/teams/595337
Georgia Tech Yellow Jackets,Georgia Tech,ACC,2025,0.286,0.387,0.438,1278,250,365,63,6,560,40,NA,190,28,226,10,24,189,60,24,11,NA,26,32,6,NA,320,411,https://stats.ncaa.org/teams/595228
Nevada Wolf Pack,Nevada,Mountain West,2025,0.321,0.4,0.53,1478,324,475,84,21,784,61,3,173,34,297,18,28,225,76,17,6,NA,111,128,17,NA,348,438,https://stats.ncaa.org/teams/595292
Washington Huskies,Washington,Big Ten,2025,0.291,0.379,0.518,1393,322,405,75,8,721,75,3,173,34,306,14,21,266,67,19,8,1,54,74,20,NA,341,374,https://stats.ncaa.org/teams/595119
North Carolina Tar Heels,North Carolina,ACC,2025,0.344,0.423,0.513,1519,387,522,84,4,779,55,2,192,36,366,26,32,220,63,13,8,NA,48,53,5,NA,404,378,https://stats.ncaa.org/teams/595288
Coastal Carolina Chanticleers,Coastal Carolina(AQ),Sun Belt,2025,0.297,0.389,0.532,1591,352,472,81,7,846,93,3,219,32,334,15,27,248,75,26,13,NA,69,80,11,NA,359,519,https://stats.ncaa.org/teams/595134
Indiana Hoosiers,Indiana,Big Ten,2025,0.365,0.454,0.61,1396,403,509,115,16,851,65,1,197,44,358,16,20,191,48,16,6,NA,88,109,21,NA,275,430,https://stats.ncaa.org/teams/595243
Omaha Mavericks,Omaha(AQ),Summit League,2025,0.281,0.372,0.461,1425,285,400,84,7,657,53,NA,170,47,262,17,10,226,69,23,9,NA,36,41,5,NA,351,438,https://stats.ncaa.org/teams/595341
BYU Cougars,BYU,Big 12,2025,0.309,0.39,0.54,1301,301,402,51,5,703,80,1,149,29,280,9,31,171,45,24,9,NA,28,36,8,NA,379,345,https://stats.ncaa.org/teams/595205
Purdue Boilermakers,Purdue,Big Ten,2025,0.29,0.378,0.413,1391,262,404,65,14,575,26,NA,152,58,228,23,33,253,64,15,4,NA,89,101,12,NA,351,386,https://stats.ncaa.org/teams/595061
Northwestern Wildcats,Northwestern,Big Ten,2025,0.285,0.373,0.453,1309,264,373,73,9,593,43,NA,151,41,228,14,10,270,68,5,NA,NA,85,101,16,NA,266,378,https://stats.ncaa.org/teams/595046
North Texas Mean Green,North Texas,The American,2025,0.307,0.399,0.478,1482,342,455,75,8,708,54,NA,209,33,298,24,29,184,64,24,4,NA,73,96,23,NA,352,493,https://stats.ncaa.org/teams/595040
Chattanooga Mocs,Chattanooga,SoCon,2025,0.298,0.387,0.452,1473,268,439,77,15,666,40,1,192,32,239,16,64,204,60,16,7,NA,44,52,8,NA,454,411,https://stats.ncaa.org/teams/595321
Texas St. Bobcats,Texas St.,Sun Belt,2025,0.283,0.378,0.405,1339,248,379,46,15,542,29,15,200,14,218,15,33,167,45,15,10,NA,62,71,9,NA,425,368,https://stats.ncaa.org/teams/595320
Mercer Bears,Mercer(AQ),SoCon,2025,0.278,0.374,0.417,1729,348,481,79,10,721,47,1,221,53,319,17,31,263,78,16,8,NA,71,79,8,NA,419,553,https://stats.ncaa.org/teams/595275
Southeastern La. Lady Lions,Southeastern La.(AQ),Southland,2025,0.323,0.402,0.437,1670,394,540,73,33,730,17,NA,197,33,336,16,63,192,57,15,5,NA,196,234,38,NA,558,380,https://stats.ncaa.org/teams/595318
Baylor Bears,Baylor,Big 12,2025,0.274,0.361,0.391,1372,239,376,65,10,536,25,4,161,35,196,17,29,250,53,18,9,NA,62,78,16,NA,413,338,https://stats.ncaa.org/teams/595198
Louisiana Ragin' Cajuns,Louisiana,Sun Belt,2025,0.293,0.374,0.389,1373,229,402,46,10,534,22,2,159,23,196,8,80,133,40,22,13,NA,52,64,12,NA,494,369,https://stats.ncaa.org/teams/595091
Iowa Hawkeyes,Iowa,Big Ten,2025,0.268,0.39,0.401,1278,234,342,69,7,512,29,NA,216,49,215,15,38,243,72,26,12,NA,19,20,1,NA,327,385,https://stats.ncaa.org/teams/595247
UConn Huskies,UConn(AQ),Big East,2025,0.321,0.408,0.546,1516,387,486,89,11,828,77,5,195,42,363,20,18,238,69,15,6,NA,72,83,11,NA,329,447,https://stats.ncaa.org/teams/595138
Cal St. Fullerton Titans,Cal St. Fullerton,Big West,2025,0.341,0.388,0.453,1436,292,490,64,11,651,25,NA,99,24,262,19,39,175,42,17,5,NA,92,118,26,NA,409,367,https://stats.ncaa.org/teams/595331
Wisconsin Badgers,Wisconsin,Big Ten,2025,0.298,0.382,0.498,1391,281,415,91,11,693,55,NA,159,35,265,10,40,234,89,15,4,NA,60,76,16,NA,350,391,https://stats.ncaa.org/teams/595164
Charlotte 49ers,Charlotte,The American,2025,0.286,0.369,0.467,1478,315,422,74,7,690,60,NA,174,33,276,19,16,236,68,20,9,NA,58,69,11,NA,349,449,https://stats.ncaa.org/teams/595339
Louisville Cardinals,Louisville,ACC,2025,0.299,0.386,0.441,1355,274,405,60,24,597,28,NA,154,46,241,11,49,220,67,10,6,NA,90,109,19,NA,396,351,https://stats.ncaa.org/teams/595261
UNC Greensboro Spartans,UNC Greensboro,SoCon,2025,0.305,0.387,0.527,1505,334,459,76,9,793,80,NA,198,17,318,20,45,239,65,15,3,NA,20,25,5,NA,338,493,https://stats.ncaa.org/teams/595289
Belmont Bruins,Belmont(AQ),MVC,2025,0.273,0.365,0.387,1482,266,405,67,15,574,24,NA,198,30,243,22,9,208,65,10,5,NA,67,84,17,NA,337,505,https://stats.ncaa.org/teams/595179
Fresno St. Bulldogs,Fresno St.,Mountain West,2025,0.279,0.346,0.384,1504,253,419,62,17,578,21,1,131,34,224,18,44,188,60,22,5,NA,52,64,12,NA,448,458,https://stats.ncaa.org/teams/595213
Stetson Hatters,Stetson,ASUN,2025,0.298,0.386,0.426,1552,301,462,69,17,661,32,3,190,44,272,18,8,165,44,22,17,NA,54,69,15,NA,435,456,https://stats.ncaa.org/teams/595094
Central Ark. Bears,Central Ark.,ASUN,2025,0.289,0.375,0.406,1427,268,413,71,15,580,22,NA,182,25,249,20,17,219,67,14,5,NA,48,51,3,NA,365,428,https://stats.ncaa.org/teams/595167
Eastern Ky. Colonels,Eastern Ky.,ASUN,2025,0.282,0.404,0.406,1346,306,380,62,7,546,30,1,244,45,263,19,27,188,61,25,13,NA,62,73,11,NA,374,403,https://stats.ncaa.org/teams/595152
Marist Red Foxes,Marist(AQ),MAAC,2025,0.343,0.423,0.608,1578,423,542,79,7,959,108,1,211,26,389,25,18,204,71,11,4,NA,70,79,9,NA,342,488,https://stats.ncaa.org/teams/595267
Iowa St. Cyclones,Iowa St.,Big 12,2025,0.288,0.365,0.455,1423,263,410,80,8,647,47,3,157,25,240,17,15,258,67,18,13,NA,31,37,6,NA,316,430,https://stats.ncaa.org/teams/595246
Southern Ill. Salukis,Southern Ill.,MVC,2025,0.306,0.387,0.481,1439,320,441,59,9,692,58,NA,184,16,302,18,6,261,72,15,8,NA,38,46,8,NA,341,373,https://stats.ncaa.org/teams/595319
Jacksonville St. Gamecocks,Jacksonville St.,CUSA,2025,0.305,0.402,0.493,1512,342,461,94,10,746,57,NA,217,42,315,18,34,250,69,17,7,NA,71,80,9,NA,365,441,https://stats.ncaa.org/teams/595248
Louisiana Tech Lady Techsters,Louisiana Tech,CUSA,2025,0.284,0.365,0.422,1516,256,431,62,16,639,38,1,180,21,230,14,37,236,64,17,9,NA,62,71,9,NA,408,445,https://stats.ncaa.org/teams/595260
McNeese Cowgirls,McNeese,Southland,2025,0.314,0.395,0.481,1587,348,499,117,21,763,35,1,194,33,316,22,26,187,43,21,5,NA,109,134,25,NA,395,502,https://stats.ncaa.org/teams/595273
Saint Mary's (CA) Gaels,Saint Mary's (CA),WCC,2025,0.278,0.353,0.437,1381,253,384,56,17,603,43,1,118,48,229,10,37,227,60,18,9,NA,33,44,11,NA,396,373,https://stats.ncaa.org/teams/595314
St. John's (NY) Red Storm,St. John's (NY),Big East,2025,0.296,0.389,0.419,1546,279,458,69,2,648,39,2,173,69,259,10,16,258,83,13,6,NA,75,82,7,NA,317,498,https://stats.ncaa.org/teams/595070
NC State Wolfpack,NC State,ACC,2025,0.268,0.351,0.462,1390,252,372,56,5,642,68,3,163,20,237,9,8,233,62,26,12,NA,46,50,4,NA,289,468,https://stats.ncaa.org/teams/595037
Binghamton Bearcats,Binghamton(AQ),America East,2025,0.304,0.389,0.516,1337,286,406,66,7,690,68,1,158,39,265,17,18,198,55,15,8,NA,64,77,13,NA,298,426,https://stats.ncaa.org/teams/595200
Wichita St. Shockers,Wichita St.,The American,2025,0.289,0.379,0.508,1448,320,419,88,6,735,72,NA,186,34,294,19,27,200,56,17,9,NA,60,70,10,NA,360,462,https://stats.ncaa.org/teams/595125
Syracuse Orange,Syracuse,ACC,2025,0.288,0.371,0.381,1311,216,378,57,2,499,20,1,154,27,205,15,17,185,44,21,17,1,28,33,5,NA,358,372,https://stats.ncaa.org/teams/595096
Kansas Jayhawks,Kansas,Big 12,2025,0.273,0.354,0.423,1344,233,367,56,4,569,46,2,146,29,218,10,12,277,74,13,6,NA,37,54,17,NA,340,338,https://stats.ncaa.org/teams/595251
Boise St. Broncos,Boise St.,Mountain West,2025,0.345,0.439,0.576,1540,421,531,78,13,887,84,NA,214,52,395,11,14,227,64,20,7,NA,55,69,14,NA,332,434,https://stats.ncaa.org/teams/595201
Marshall Thundering Herd,Marshall,Sun Belt,2025,0.302,0.388,0.522,1393,308,421,78,12,727,68,NA,180,27,288,18,17,228,68,16,8,NA,46,55,9,NA,324,413,https://stats.ncaa.org/teams/595268
Western Ky. Lady Toppers,Western Ky.,CUSA,2025,0.27,0.364,0.401,1381,234,373,71,4,554,34,NA,194,22,208,19,40,198,55,11,5,NA,45,52,7,NA,352,459,https://stats.ncaa.org/teams/595123
Samford Bulldogs,Samford,SoCon,2025,0.307,0.378,0.467,1493,322,458,90,4,697,47,NA,151,32,295,18,25,224,68,16,10,NA,73,91,18,NA,354,435,https://stats.ncaa.org/teams/595075
Houston Cougars,Houston,Big 12,2025,0.278,0.413,0.42,1197,247,333,56,9,503,32,2,248,38,226,16,43,210,58,25,19,NA,41,53,12,NA,416,257,https://stats.ncaa.org/teams/595236
Princeton Tigers,Princeton,Ivy League,2025,0.311,0.394,0.491,1252,261,389,65,16,615,43,NA,152,31,251,17,11,171,50,12,3,NA,20,32,12,NA,279,411,https://stats.ncaa.org/teams/595059
Penn St. Nittany Lions,Penn St.,Big Ten,2025,0.329,0.408,0.575,1339,341,441,91,8,770,74,NA,160,25,306,12,26,260,75,13,8,NA,60,68,8,NA,343,300,https://stats.ncaa.org/teams/595055
FIU Panthers,FIU,CUSA,2025,0.279,0.361,0.354,1380,235,385,40,5,489,18,NA,152,30,195,8,26,132,44,19,7,NA,121,139,18,NA,453,380,https://stats.ncaa.org/teams/595158
Austin Peay Governors,Austin Peay,ASUN,2025,0.309,0.385,0.529,1482,342,458,77,18,784,71,NA,150,44,322,17,11,147,29,20,10,NA,29,35,6,NA,359,485,https://stats.ncaa.org/teams/595195
East Carolina Pirates,East Carolina,The American,2025,0.298,0.391,0.501,1528,317,455,67,8,766,76,3,208,37,282,18,34,250,60,22,19,NA,18,24,6,NA,354,479,https://stats.ncaa.org/teams/595149
Radford Highlanders,Radford,Big South,2025,0.26,0.328,0.339,1474,205,383,59,8,500,14,NA,136,22,176,15,13,201,57,18,12,NA,66,78,12,NA,413,457,https://stats.ncaa.org/teams/595063
St. Thomas (MN) Tommies,St. Thomas (MN),Summit League,2025,0.319,0.414,0.498,1342,296,428,80,14,668,44,2,200,27,273,15,20,238,80,16,9,NA,49,63,14,NA,303,374,https://stats.ncaa.org/teams/595035
USC Upstate Spartans,USC Upstate(AQ),Big South,2025,0.341,0.416,0.503,1487,382,507,93,11,748,42,2,153,47,347,13,29,133,47,19,4,NA,152,169,17,NA,423,403,https://stats.ncaa.org/teams/595327
Elon Phoenix,Elon(AQ),CAA,2025,0.29,0.365,0.426,1416,298,410,60,5,603,41,NA,152,31,252,25,37,241,60,12,3,1,52,61,9,NA,331,437,https://stats.ncaa.org/teams/595169
ULM Warhawks,ULM,Sun Belt,2025,0.332,0.404,0.477,1506,343,500,81,12,719,38,NA,166,29,294,18,56,170,40,21,10,NA,87,99,12,NA,442,421,https://stats.ncaa.org/teams/595041
Tarleton St. Texans,Tarleton St.,WAC,2025,0.281,0.372,0.438,1527,280,429,83,8,669,47,1,213,20,260,18,32,254,78,26,13,NA,45,51,6,NA,370,489,https://stats.ncaa.org/teams/595299
Notre Dame Fighting Irish,Notre Dame,ACC,2025,0.265,0.351,0.378,1409,204,374,48,4,532,34,NA,158,35,188,12,33,224,44,15,9,NA,38,49,11,NA,422,392,https://stats.ncaa.org/teams/595047
Miami (OH) RedHawks,Miami (OH)(AQ),MAC,2025,0.305,0.381,0.513,1692,356,516,102,11,868,76,1,176,42,330,14,8,318,76,20,11,NA,77,90,13,NA,358,476,https://stats.ncaa.org/teams/595336
Ga. Southern Eagles,Ga. Southern,Sun Belt,2025,0.254,0.355,0.34,1384,191,351,72,4,470,13,NA,170,54,176,14,33,204,59,14,8,NA,44,54,10,NA,389,439,https://stats.ncaa.org/teams/595226
Ohio Bobcats,Ohio,MAC,2025,0.29,0.368,0.404,1538,294,446,81,10,622,25,2,172,31,259,22,21,179,42,5,1,NA,54,58,4,NA,419,460,https://stats.ncaa.org/teams/595050
Harvard Crimson,Harvard,Ivy League,2025,0.307,0.379,0.441,1065,191,327,51,7,470,26,NA,117,13,175,12,15,131,45,13,3,NA,50,57,7,NA,266,338,https://stats.ncaa.org/teams/595333
North Ala. Lions,North Ala.,ASUN,2025,0.297,0.367,0.449,1393,261,414,73,17,626,35,NA,132,34,226,23,12,176,49,16,6,NA,56,62,6,NA,345,447,https://stats.ncaa.org/teams/595220
James Madison Dukes,James Madison,Sun Belt,2025,0.274,0.349,0.424,1325,237,363,65,7,562,40,NA,129,31,212,13,44,194,42,19,7,NA,75,86,11,NA,356,431,https://stats.ncaa.org/teams/595250
Middle Tenn. Blue Raiders,Middle Tenn.,CUSA,2025,0.249,0.344,0.446,1356,235,338,57,9,605,64,NA,166,37,222,12,20,303,51,11,7,NA,17,25,8,NA,315,391,https://stats.ncaa.org/teams/595277
Wofford Terriers,Wofford,SoCon,2025,0.282,0.359,0.38,1396,202,394,50,12,531,21,NA,153,20,189,12,52,201,67,23,12,NA,84,96,12,NA,432,399,https://stats.ncaa.org/teams/595309
Minnesota Golden Gophers,Minnesota,Big Ten,2025,0.253,0.351,0.391,1252,202,317,48,8,489,36,NA,159,34,186,9,13,233,55,17,4,NA,6,9,3,NA,332,364,https://stats.ncaa.org/teams/595278
Troy Trojans,Troy,Sun Belt,2025,0.307,0.386,0.506,1459,336,448,77,12,738,63,3,167,34,296,21,40,193,46,23,10,NA,79,84,5,NA,378,450,https://stats.ncaa.org/teams/595110
Boston U. Terriers,Boston U.(AQ),Patriot,2025,0.303,0.386,0.438,1549,316,469,69,22,678,32,1,180,41,294,19,22,189,56,15,7,NA,45,47,2,NA,397,495,https://stats.ncaa.org/teams/595330
UC Santa Barbara Gauchos,UC Santa Barbara(AQ),Big West,2025,0.285,0.376,0.444,1641,314,468,97,7,729,50,NA,196,55,291,22,49,230,58,27,10,NA,34,38,4,NA,461,508,https://stats.ncaa.org/teams/595217
Utah St. Aggies,Utah St.,Mountain West,2025,0.341,0.429,0.557,1450,340,494,90,13,808,66,NA,181,50,319,10,35,191,47,30,21,NA,21,28,7,NA,408,370,https://stats.ncaa.org/teams/595113
Idaho St. Bengals,Idaho St.,Big Sky,2025,0.311,0.405,0.531,1421,350,442,76,10,754,72,NA,205,32,315,17,16,221,80,29,19,NA,77,89,12,NA,336,423,https://stats.ncaa.org/teams/595238
Hawaii Rainbow Wahine,Hawaii,Big West,2025,0.277,0.354,0.414,1424,248,394,59,8,589,40,2,161,17,226,12,14,273,64,18,9,NA,21,29,8,NA,354,375,https://stats.ncaa.org/teams/595232
Boston College Eagles,Boston College,ACC,2025,0.256,0.335,0.393,1313,223,336,63,12,516,31,1,147,16,197,14,24,219,56,16,6,NA,61,79,18,NA,347,399,https://stats.ncaa.org/teams/595202
FGCU Eagles,FGCU,ASUN,2025,0.284,0.358,0.367,1432,236,406,43,17,525,14,NA,149,30,213,24,42,188,62,19,9,NA,159,183,24,NA,432,433,https://stats.ncaa.org/teams/595328
South Dakota St. Jackrabbits,South Dakota St.,Summit League,2025,0.301,0.394,0.474,1485,300,447,89,9,704,50,NA,222,19,285,18,41,202,61,24,7,NA,13,18,5,NA,385,483,https://stats.ncaa.org/teams/595083
Southern Miss. Golden Eagles,Southern Miss.,Sun Belt,2025,0.263,0.351,0.37,1347,231,354,56,10,499,23,NA,153,38,198,13,39,225,74,13,5,NA,54,64,10,NA,367,403,https://stats.ncaa.org/teams/595087
Santa Clara Broncos,Santa Clara(AQ),WCC,2025,0.309,0.394,0.424,1468,312,453,83,16,622,18,NA,174,49,271,25,43,190,52,13,9,NA,80,99,19,NA,359,475,https://stats.ncaa.org/teams/595078
Villanova Wildcats,Villanova,Big East,2025,0.282,0.375,0.492,1438,306,406,76,8,708,70,2,186,34,282,10,6,294,87,13,5,NA,33,39,6,NA,288,425,https://stats.ncaa.org/teams/595322
UNI Panthers,UNI,MVC,2025,0.291,0.403,0.516,1369,321,398,65,3,706,79,NA,244,22,301,12,7,265,66,13,1,NA,94,111,17,NA,294,378,https://stats.ncaa.org/teams/595044
LMU (CA) Lions,LMU (CA),WCC,2025,0.278,0.36,0.426,1362,233,378,60,8,580,42,NA,144,36,217,8,28,208,55,26,9,NA,41,54,13,NA,382,378,https://stats.ncaa.org/teams/595263
Sam Houston Bearkats,Sam Houston,CUSA,2025,0.253,0.342,0.408,1448,203,367,61,11,591,47,3,171,30,180,10,42,257,69,20,10,NA,52,62,10,NA,428,403,https://stats.ncaa.org/teams/595074
Brown Bears,Brown(AQ),Ivy League,2025,0.267,0.347,0.402,1309,243,349,59,11,526,32,NA,152,17,208,15,15,174,51,13,5,NA,17,23,6,NA,358,412,https://stats.ncaa.org/teams/595206
Dayton Flyers,Dayton,Atlantic 10,2025,0.287,0.356,0.393,1305,241,375,66,6,513,20,1,136,9,219,11,27,231,60,15,5,NA,74,84,10,NA,369,314,https://stats.ncaa.org/teams/595323
Delaware Blue Hens,Delaware,CAA,2025,0.32,0.39,0.519,1441,336,461,96,10,748,57,NA,139,37,304,15,32,166,31,11,5,NA,49,60,11,NA,346,456,https://stats.ncaa.org/teams/595145
"Maryland Terrapins, Terps",Maryland,Big Ten,2025,0.267,0.361,0.401,1219,209,325,62,6,489,30,NA,150,36,192,12,21,236,65,14,4,NA,17,24,7,NA,330,313,https://stats.ncaa.org/teams/595270
Creighton Bluejays,Creighton,Big East,2025,0.303,0.381,0.464,1562,321,473,69,10,724,54,NA,171,37,292,17,26,219,61,12,5,NA,72,84,12,NA,379,473,https://stats.ncaa.org/teams/595141
Long Beach St. Beach,Long Beach St.,Big West,2025,0.282,0.374,0.405,1310,233,369,78,9,531,22,3,144,56,210,12,28,145,59,23,11,NA,24,32,8,NA,385,405,https://stats.ncaa.org/teams/595214
Pittsburgh Panthers,Pittsburgh,ACC,2025,0.244,0.337,0.414,1320,216,322,70,5,546,48,1,165,25,189,8,37,288,67,13,3,1,44,51,7,NA,301,404,https://stats.ncaa.org/teams/595057
Fordham Rams,Fordham,Atlantic 10,2025,0.291,0.376,0.406,1520,261,442,67,6,617,32,1,178,35,232,9,17,260,69,15,7,NA,64,71,7,NA,413,388,https://stats.ncaa.org/teams/595221
UNLV Rebels,UNLV,Mountain West,2025,0.277,0.37,0.43,1254,232,347,64,7,539,38,NA,158,34,208,11,31,199,44,17,4,NA,9,16,7,NA,306,413,https://stats.ncaa.org/teams/595291
UT Arlington Mavericks,UT Arlington,WAC,2025,0.261,0.357,0.425,1277,233,333,74,5,543,42,NA,173,25,204,13,6,214,66,22,5,NA,45,62,17,NA,333,363,https://stats.ncaa.org/teams/595104
Ball St. Cardinals,Ball St.,MAC,2025,0.294,0.413,0.479,1339,336,394,76,9,641,51,6,192,91,303,18,21,199,67,12,3,NA,87,101,14,NA,279,462,https://stats.ncaa.org/teams/595196
App State Mountaineers,App State,Sun Belt,2025,0.28,0.372,0.48,1352,270,379,74,11,649,58,NA,180,24,258,11,13,261,73,20,12,NA,46,47,1,NA,319,387,https://stats.ncaa.org/teams/595190
Eastern Ill. Panthers,Eastern Ill.(AQ),OVC,2025,0.278,0.375,0.379,1458,273,406,58,8,552,24,3,189,45,228,13,39,181,71,13,5,NA,54,61,7,NA,400,478,https://stats.ncaa.org/teams/595151
Illinois Fighting Illini,Illinois,Big Ten,2025,0.271,0.353,0.423,1322,224,358,51,9,559,44,NA,128,47,205,11,28,203,49,16,7,NA,29,38,9,NA,352,402,https://stats.ncaa.org/teams/595240
Utah Utes,Utah,Big 12,2025,0.27,0.349,0.387,1450,226,392,60,11,561,29,1,165,16,205,9,32,237,73,22,10,NA,19,27,8,NA,433,377,https://stats.ncaa.org/teams/595114
Seton Hall Pirates,Seton Hall,Big East,2025,0.294,0.411,0.469,1408,318,414,83,4,661,52,4,229,58,295,11,25,169,58,23,10,NA,15,19,4,NA,369,444,https://stats.ncaa.org/teams/595079
Winthrop Eagles,Winthrop,Big South,2025,0.247,0.334,0.419,1393,216,344,72,7,583,51,NA,157,28,198,8,18,307,79,13,7,NA,45,48,3,NA,318,411,https://stats.ncaa.org/teams/595162
Seattle U Redhawks,Seattle U,WAC,2025,0.297,0.361,0.464,1504,277,447,100,14,698,41,NA,121,36,254,11,18,206,45,23,8,NA,27,33,6,NA,395,429,https://stats.ncaa.org/teams/595173
California Baptist Lancers,California Baptist,WAC,2025,0.283,0.348,0.388,1577,237,447,59,11,612,28,3,130,33,210,11,43,203,43,13,7,NA,16,28,12,NA,465,471,https://stats.ncaa.org/teams/595219
Akron Zips,Akron,MAC,2025,0.305,0.384,0.409,1499,279,457,77,8,613,21,1,192,10,242,17,14,227,73,19,11,NA,58,72,14,NA,400,399,https://stats.ncaa.org/teams/595184
Siena Saints,Siena,MAAC,2025,0.263,0.355,0.384,1528,272,402,82,20,587,21,1,180,42,235,10,44,243,70,18,9,NA,42,52,10,NA,476,390,https://stats.ncaa.org/teams/595316
New Mexico St. Aggies,New Mexico St.,CUSA,2025,0.3,0.379,0.501,1432,265,429,76,3,718,69,5,162,27,244,10,19,214,33,25,15,NA,30,43,13,NA,334,444,https://stats.ncaa.org/teams/595293
Illinois St. Redbirds,Illinois St.,MVC,2025,0.258,0.327,0.344,1464,189,378,64,8,503,15,NA,135,17,165,6,30,221,44,11,4,NA,24,30,6,NA,404,460,https://stats.ncaa.org/teams/595239
UIW Cardinals,UIW,Southland,2025,0.29,0.396,0.423,1333,268,387,63,6,564,34,NA,207,35,233,15,37,117,33,24,10,NA,68,77,9,NA,405,417,https://stats.ncaa.org/teams/595178
Columbia Lions,Columbia,Ivy League,2025,0.302,0.383,0.461,1063,195,321,66,11,490,27,NA,119,26,182,8,23,136,36,18,11,NA,27,37,10,NA,259,342,https://stats.ncaa.org/teams/595137
Lamar University Cardinals,Lamar University,Southland,2025,0.262,0.331,0.378,1444,243,379,75,13,546,22,NA,138,19,214,16,28,223,51,21,10,NA,42,48,6,NA,371,469,https://stats.ncaa.org/teams/595255
Michigan St. Spartans,Michigan St.,Big Ten,2025,0.258,0.353,0.443,1113,206,287,43,8,493,49,NA,136,32,190,9,28,195,58,15,13,NA,30,36,6,NA,301,340,https://stats.ncaa.org/teams/595276
Saint Louis Billikens,Saint Louis(AQ),Atlantic 10,2025,0.266,0.379,0.406,1499,286,399,69,13,608,38,NA,240,44,262,17,32,302,84,11,5,NA,49,57,8,NA,353,451,https://stats.ncaa.org/teams/595072
Saint Joseph's Hawks,Saint Joseph's,Atlantic 10,2025,0.256,0.358,0.384,1415,234,362,65,13,543,30,NA,194,41,201,19,17,246,66,16,4,NA,64,77,13,NA,352,447,https://stats.ncaa.org/teams/595071
Oregon St. Beavers,Oregon St.,WCC,2025,0.271,0.357,0.42,1232,203,334,66,5,518,36,NA,144,28,193,13,13,244,80,15,5,NA,44,48,4,NA,261,395,https://stats.ncaa.org/teams/595052
Nicholls Colonels,Nicholls,Southland,2025,0.321,0.383,0.412,1453,291,466,86,10,599,9,NA,113,48,256,25,33,125,36,17,8,NA,64,83,19,NA,408,459,https://stats.ncaa.org/teams/595296
Jacksonville Dolphins,Jacksonville,ASUN,2025,0.256,0.36,0.341,1271,191,326,45,6,434,17,NA,190,19,166,8,27,190,66,13,4,NA,83,96,13,NA,358,390,https://stats.ncaa.org/teams/595249
Army West Point Black Knights,Army West Point,Patriot,2025,0.311,0.36,0.412,1613,262,502,65,10,665,26,NA,108,22,237,12,23,237,49,14,7,NA,42,49,7,NA,419,442,https://stats.ncaa.org/teams/595112
Col. of Charleston Cougars,Col. of Charleston,CAA,2025,0.255,0.334,0.334,1386,213,354,44,13,463,13,NA,141,30,170,15,26,243,62,8,3,NA,116,138,22,NA,383,403,https://stats.ncaa.org/teams/595168
UAB Blazers,UAB,The American,2025,0.293,0.374,0.41,1476,272,433,58,18,605,26,2,168,30,230,13,50,152,39,16,7,NA,70,86,16,NA,439,447,https://stats.ncaa.org/teams/595188
Providence Friars,Providence,Big East,2025,0.287,0.369,0.424,1423,252,409,66,18,604,31,4,153,42,224,19,49,217,47,21,11,NA,51,63,12,NA,427,394,https://stats.ncaa.org/teams/595060
San Jose St. Spartans,San Jose St.,Mountain West,2025,0.26,0.337,0.387,1289,192,335,50,24,499,22,1,133,20,170,8,51,220,53,11,4,NA,34,41,7,NA,422,320,https://stats.ncaa.org/teams/595077
Lipscomb Bisons,Lipscomb,ASUN,2025,0.263,0.338,0.378,1449,251,381,69,7,548,28,NA,157,14,221,15,14,240,74,7,3,NA,41,48,7,NA,434,372,https://stats.ncaa.org/teams/595181
Butler Bulldogs,Butler,Big East,2025,0.305,0.386,0.412,1268,236,387,56,5,522,23,NA,160,15,209,14,43,209,37,6,4,NA,84,99,15,NA,294,391,https://stats.ncaa.org/teams/595210
UNCW Seahawks,UNCW,CAA,2025,0.289,0.372,0.379,1258,224,364,39,13,477,16,NA,165,12,191,20,14,161,46,14,5,NA,147,178,31,NA,351,365,https://stats.ncaa.org/teams/595340
Central Mich. Chippewas,Central Mich.,MAC,2025,0.305,0.393,0.457,1378,281,420,81,3,630,41,NA,198,15,259,19,26,197,60,11,3,NA,48,59,11,NA,349,423,https://stats.ncaa.org/teams/595132
Campbell Camels,Campbell,CAA,2025,0.296,0.405,0.395,1489,335,441,68,14,588,17,NA,240,52,290,27,24,226,59,18,6,NA,96,107,11,NA,383,423,https://stats.ncaa.org/teams/595128
Hofstra Pride,Hofstra,CAA,2025,0.262,0.334,0.384,1282,197,336,77,11,492,19,2,111,34,175,13,20,280,68,12,5,1,34,39,5,NA,299,361,https://stats.ncaa.org/teams/595233
Longwood Lancers,Longwood,Big South,2025,0.239,0.327,0.372,1302,186,311,49,5,484,38,1,156,18,165,7,32,295,73,14,8,NA,49,63,14,NA,351,349,https://stats.ncaa.org/teams/595258
Florida A&M Lady Rattlers ,Florida A&M,SWAC,2025,0.286,0.368,0.393,1177,198,337,65,11,463,13,NA,124,35,172,10,24,187,51,14,8,NA,58,72,14,NA,301,348,https://stats.ncaa.org/teams/595156
South Dakota Coyotes,South Dakota,Summit League,2025,0.306,0.368,0.409,1551,272,475,75,15,634,18,NA,144,15,239,11,50,207,55,17,4,NA,40,53,13,NA,485,390,https://stats.ncaa.org/teams/595084
South Alabama Jaguars,South Alabama,Sun Belt,2025,0.258,0.367,0.388,1252,225,323,47,13,486,30,4,181,43,200,13,32,225,63,15,11,NA,34,45,11,NA,322,388,https://stats.ncaa.org/teams/595080
Weber St. Wildcats,Weber St.(AQ),Big Sky,2025,0.295,0.365,0.457,1612,285,475,77,19,737,49,NA,154,31,270,11,32,302,74,15,6,NA,18,23,5,NA,379,457,https://stats.ncaa.org/teams/595120
Southern Utah Thunderbirds,Southern Utah,WAC,2025,0.29,0.362,0.394,1207,188,350,60,6,476,18,2,127,15,173,11,40,175,49,14,2,NA,51,58,7,NA,322,362,https://stats.ncaa.org/teams/595089
Southeast Mo. St. Redhawks,Southeast Mo. St.,OVC,2025,0.313,0.392,0.432,1284,249,402,70,7,555,23,NA,161,16,231,15,17,139,41,17,5,NA,64,77,13,NA,385,352,https://stats.ncaa.org/teams/595317
Robert Morris Colonials,Robert Morris(AQ),Horizon,2025,0.307,0.377,0.514,1254,289,385,79,15,644,50,NA,120,29,259,15,28,223,48,8,5,NA,74,81,7,NA,246,393,https://stats.ncaa.org/teams/595066
UTEP Miners,UTEP,CUSA,2025,0.305,0.38,0.499,1295,241,395,70,14,646,51,1,139,24,219,12,22,230,48,18,5,NA,44,51,7,NA,303,371,https://stats.ncaa.org/teams/595106
SFA Ladyjacks,SFA,Southland,2025,0.293,0.377,0.412,1433,254,420,58,19,591,25,NA,172,30,229,14,27,242,63,17,4,NA,76,92,16,NA,340,428,https://stats.ncaa.org/teams/595093
SIUE Cougars,SIUE,OVC,2025,0.294,0.361,0.45,1479,291,435,84,6,666,45,NA,139,26,246,17,35,276,70,16,6,NA,73,92,19,NA,364,394,https://stats.ncaa.org/teams/595086
Bradley Braves,Bradley,MVC,2025,0.249,0.321,0.357,1482,220,369,59,10,529,27,NA,147,14,197,10,24,229,63,11,2,NA,25,33,8,NA,451,392,https://stats.ncaa.org/teams/595204
Cornell Big Red,Cornell,Ivy League,2025,0.291,0.37,0.417,980,193,285,53,1,409,23,NA,119,9,171,8,11,172,52,7,6,NA,42,47,5,NA,236,278,https://stats.ncaa.org/teams/595140
Iona Gaels,Iona,MAAC,2025,0.262,0.353,0.4,1296,213,339,66,9,519,32,NA,149,43,192,17,43,227,60,7,3,NA,87,110,23,NA,350,389,https://stats.ncaa.org/teams/595245
Tulsa Golden Hurricane,Tulsa,The American,2025,0.242,0.338,0.352,1328,184,321,51,6,468,28,NA,173,27,170,13,29,209,51,23,16,NA,15,23,8,NA,342,472,https://stats.ncaa.org/teams/595111
New Mexico Lobos,New Mexico,Mountain West,2025,0.278,0.363,0.395,1381,217,384,75,10,545,22,1,160,33,205,14,42,204,53,26,9,NA,11,17,6,NA,444,361,https://stats.ncaa.org/teams/595294
CSUN Matadors,CSUN,Big West,2025,0.274,0.357,0.39,1365,224,374,60,12,533,25,2,133,51,189,12,49,159,36,18,6,NA,26,34,8,NA,435,407,https://stats.ncaa.org/teams/595215
Sacramento St. Hornets,Sacramento St.,Big Sky,2025,0.314,0.387,0.547,1277,293,401,80,8,698,67,NA,130,36,271,24,19,189,33,12,6,NA,75,86,11,NA,261,430,https://stats.ncaa.org/teams/595216
Tennessee St. Lady Tigers,Tennessee St.,OVC,2025,0.269,0.358,0.356,1170,210,315,36,12,417,14,NA,143,25,182,11,24,227,79,11,3,NA,55,61,6,NA,325,288,https://stats.ncaa.org/teams/595097
LIU Sharks,LIU,NEC,2025,0.27,0.38,0.424,1181,239,319,65,6,501,35,NA,178,38,211,11,11,175,48,16,6,NA,49,66,17,NA,312,356,https://stats.ncaa.org/teams/595257
Rutgers Scarlet Knights,Rutgers,Big Ten,2025,0.237,0.328,0.321,1344,176,318,53,5,432,17,NA,160,28,156,13,26,273,71,18,5,NA,37,50,13,NA,350,415,https://stats.ncaa.org/teams/595067
UTSA Roadrunners,UTSA,The American,2025,0.259,0.351,0.358,1368,206,354,49,3,490,27,1,164,34,171,5,29,241,72,19,9,NA,56,71,15,NA,382,388,https://stats.ncaa.org/teams/595107
San Diego Toreros,San Diego,WCC,2025,0.28,0.345,0.38,1314,186,368,48,13,499,19,NA,99,36,174,8,19,195,63,18,7,NA,22,29,7,NA,415,317,https://stats.ncaa.org/teams/595076
NIU Huskies,NIU,MAC,2025,0.274,0.33,0.369,1378,193,377,59,9,508,18,1,99,22,177,12,43,198,46,9,4,NA,31,40,9,NA,430,369,https://stats.ncaa.org/teams/595043
George Washington Revolutionaries,George Washington,Atlantic 10,2025,0.278,0.376,0.397,1376,235,383,80,4,546,25,2,180,46,219,16,43,233,88,16,8,NA,38,48,10,NA,370,416,https://stats.ncaa.org/teams/595224
Dartmouth Big Green,Dartmouth,Ivy League,2025,0.287,0.353,0.434,1071,200,307,60,10,465,26,NA,83,30,184,6,15,156,38,7,3,NA,56,65,9,NA,302,286,https://stats.ncaa.org/teams/595142
Stony Brook Seawolves,Stony Brook,CAA,2025,0.306,0.383,0.454,1310,268,401,72,19,595,28,NA,137,37,227,16,42,221,56,11,7,NA,48,56,8,NA,348,348,https://stats.ncaa.org/teams/595095
Howard Bison,Howard(AQ),MEAC,2025,0.308,0.368,0.405,1297,246,399,66,9,525,14,NA,106,22,198,9,60,143,42,15,8,NA,61,77,16,NA,489,259,https://stats.ncaa.org/teams/595237
Lehigh Mountain Hawks,Lehigh,Patriot,2025,0.3,0.373,0.392,1409,253,423,78,9,552,11,NA,148,26,225,16,55,195,46,7,4,NA,55,65,10,NA,412,380,https://stats.ncaa.org/teams/595256
Abilene Christian Wildcats,Abilene Christian,WAC,2025,0.225,0.313,0.322,1296,142,291,57,3,417,21,NA,128,42,127,8,14,227,82,19,10,NA,21,35,14,NA,383,380,https://stats.ncaa.org/teams/595183
Western Caro. Catamounts,Western Caro.,SoCon,2025,0.282,0.352,0.404,1363,226,384,59,7,550,31,NA,138,20,212,18,25,254,59,14,8,NA,73,89,16,NA,382,336,https://stats.ncaa.org/teams/595121
Missouri St. Bears,Missouri St.,MVC,2025,0.258,0.324,0.386,1391,210,359,57,8,537,35,NA,113,25,188,4,25,252,68,12,7,NA,35,43,8,NA,385,372,https://stats.ncaa.org/teams/595090
Charleston So. Buccaneers,Charleston So.,Big South,2025,0.27,0.335,0.353,1254,182,338,53,8,443,12,1,106,21,156,9,13,146,31,16,3,NA,57,71,14,NA,361,382,https://stats.ncaa.org/teams/595197
North Dakota Fighting Hawks,North Dakota,Summit League,2025,0.254,0.34,0.362,1439,225,365,76,4,521,24,NA,163,34,208,16,10,339,79,20,8,NA,14,23,9,NA,340,385,https://stats.ncaa.org/teams/595039
Saint Francis The Red Flash,Saint Francis(AQ),NEC,2025,0.274,0.366,0.43,1334,249,366,77,5,573,40,3,154,46,231,12,7,230,68,13,6,NA,44,57,13,NA,299,418,https://stats.ncaa.org/teams/595313
Utah Valley Wolverines,Utah Valley,WAC,2025,0.28,0.361,0.405,1332,225,373,72,14,539,22,NA,150,25,206,11,23,225,57,16,6,NA,37,51,14,NA,352,377,https://stats.ncaa.org/teams/595182
UC Riverside Highlanders,UC Riverside,Big West,2025,0.259,0.327,0.364,1337,164,346,63,7,486,21,NA,100,39,149,9,31,261,75,13,4,NA,11,16,5,NA,325,402,https://stats.ncaa.org/teams/595127
Toledo Rockets,Toledo,MAC,2025,0.305,0.367,0.471,1338,258,408,70,1,630,50,NA,115,23,232,12,35,123,27,11,5,NA,65,81,16,NA,354,449,https://stats.ncaa.org/teams/595108
Purdue Fort Wayne Mastodons,Purdue Fort Wayne,Horizon,2025,0.278,0.337,0.421,1239,195,344,60,9,521,33,NA,99,19,186,12,25,253,66,15,6,NA,26,34,8,NA,279,371,https://stats.ncaa.org/teams/595244
North Dakota St. Bison,North Dakota St.,Summit League,2025,0.25,0.329,0.338,1218,173,305,44,12,412,13,NA,128,22,156,15,24,166,59,17,5,NA,43,52,9,NA,388,349,https://stats.ncaa.org/teams/595038
Colorado St. Rams,Colorado St.,Mountain West,2025,0.271,0.359,0.393,1179,191,320,54,16,463,19,NA,137,29,166,10,21,147,29,22,18,NA,23,28,5,NA,335,376,https://stats.ncaa.org/teams/595136
Cleveland St. Vikings,Cleveland St.,Horizon,2025,0.265,0.329,0.415,1124,170,298,46,12,467,33,NA,74,39,156,13,37,182,39,6,3,NA,18,23,5,NA,295,356,https://stats.ncaa.org/teams/595133
Yale Bulldogs,Yale,Ivy League,2025,0.277,0.384,0.379,1157,214,321,51,5,439,19,NA,172,36,196,11,21,208,55,14,6,NA,60,72,12,NA,317,298,https://stats.ncaa.org/teams/595165
Fairfield Stags,Fairfield,MAAC,2025,0.275,0.363,0.373,1366,220,376,53,13,509,18,NA,156,36,195,6,43,256,72,15,3,NA,73,91,18,NA,363,374,https://stats.ncaa.org/teams/595154
IU Indy Jaguars,IU Indy,Horizon,2025,0.294,0.366,0.39,1321,228,389,55,7,515,19,NA,116,40,195,11,39,234,50,17,5,NA,83,94,11,NA,340,347,https://stats.ncaa.org/teams/595175
Lindenwood Lions,Lindenwood,OVC,2025,0.253,0.339,0.362,1241,179,314,46,7,449,25,NA,155,13,161,12,39,183,52,16,9,NA,42,53,11,NA,381,367,https://stats.ncaa.org/teams/595304
UAlbany Great Danes,UAlbany,America East,2025,0.264,0.349,0.337,1189,186,314,36,12,401,9,NA,142,19,163,10,17,215,57,14,5,NA,86,102,16,NA,345,285,https://stats.ncaa.org/teams/595329
Bethune-Cookman Wildcats,Bethune-Cookman,SWAC,2025,0.279,0.366,0.336,1328,241,371,39,6,446,8,NA,158,31,182,11,38,165,38,14,7,NA,157,173,16,NA,481,299,https://stats.ncaa.org/teams/595199
Sacred Heart Pioneers,Sacred Heart,MAAC,2025,0.263,0.321,0.367,1286,183,338,59,6,472,21,NA,95,18,167,8,18,230,32,5,2,NA,11,16,5,NA,343,365,https://stats.ncaa.org/teams/595068
Southern Ind. Screaming Eagles,Southern Ind.,OVC,2025,0.242,0.332,0.323,1045,122,253,44,7,338,9,NA,128,18,110,10,22,175,46,12,6,NA,15,21,6,NA,296,325,https://stats.ncaa.org/teams/595305
Drake Bulldogs,Drake,MVC,2025,0.259,0.346,0.385,1414,202,366,66,11,544,30,NA,169,26,182,11,19,267,65,15,6,NA,20,25,5,NA,441,328,https://stats.ncaa.org/teams/595147
Prairie View Lady Panthers,Prairie View,SWAC,2025,0.278,0.376,0.374,1207,249,335,51,15,452,12,NA,182,32,214,38,31,211,56,9,1,NA,169,194,25,NA,331,334,https://stats.ncaa.org/teams/595058
Loyola Chicago Ramblers,Loyola Chicago,Atlantic 10,2025,0.263,0.341,0.342,1370,190,360,50,8,468,14,NA,136,31,167,9,24,287,92,20,6,NA,80,97,17,NA,385,319,https://stats.ncaa.org/teams/595264
Northern Colo. Bears,Northern Colo.,Big Sky,2025,0.295,0.392,0.478,1277,266,377,70,4,611,52,NA,169,44,246,15,6,190,52,15,6,NA,44,52,8,NA,324,370,https://stats.ncaa.org/teams/595042
Gardner-Webb Runnin' Bulldogs,Gardner-Webb,Big South,2025,0.296,0.358,0.406,1331,233,394,61,10,541,22,NA,115,22,214,16,23,207,63,12,7,NA,25,30,5,NA,393,335,https://stats.ncaa.org/teams/595170
UC Davis Aggies,UC Davis,Big West,2025,0.242,0.33,0.338,1271,154,307,39,19,429,15,NA,156,17,142,10,32,230,75,20,9,NA,51,58,7,NA,376,359,https://stats.ncaa.org/teams/595160
Indiana St. Sycamores,Indiana St.,MVC,2025,0.25,0.327,0.323,1375,173,344,50,10,444,10,NA,140,22,143,9,16,269,65,14,8,NA,41,50,9,NA,373,369,https://stats.ncaa.org/teams/595242
Canisius Golden Griffins,Canisius,MAAC,2025,0.29,0.373,0.463,1329,257,385,69,19,615,41,1,163,19,224,9,28,273,73,9,4,NA,90,106,16,NA,276,385,https://stats.ncaa.org/teams/595129
Quinnipiac Bobcats,Quinnipiac,MAAC,2025,0.232,0.31,0.324,1180,155,274,46,13,382,12,1,124,11,122,4,31,210,65,10,3,NA,39,49,10,NA,302,391,https://stats.ncaa.org/teams/595062
Memphis Tigers,Memphis,The American,2025,0.266,0.344,0.387,1353,257,360,67,11,524,25,1,150,21,208,18,52,226,65,12,8,NA,68,83,15,NA,388,391,https://stats.ncaa.org/teams/595274
Murray St. Racers,Murray St.,MVC,2025,0.277,0.338,0.399,1306,211,362,70,10,521,23,1,107,19,192,11,30,225,64,6,3,NA,47,57,10,NA,346,364,https://stats.ncaa.org/teams/595287
Houston Christian Huskies,Houston Christian,Southland,2025,0.271,0.339,0.36,1294,156,351,58,12,466,11,1,121,19,137,15,23,211,51,23,9,NA,27,34,7,NA,344,391,https://stats.ncaa.org/teams/595235
Bucknell Bison,Bucknell,Patriot,2025,0.251,0.331,0.34,1225,161,307,48,10,417,14,NA,127,26,143,10,32,165,54,14,4,NA,31,37,6,NA,390,363,https://stats.ncaa.org/teams/595208
Utah Tech Trailblazers ,Utah Tech,WAC,2025,0.303,0.379,0.408,1366,258,414,60,16,557,17,NA,160,15,233,15,36,186,52,10,3,NA,61,76,15,NA,420,344,https://stats.ncaa.org/teams/595300
Pacific Tigers,Pacific,WCC,2025,0.28,0.355,0.397,1352,213,378,67,4,537,28,1,128,38,195,13,30,220,56,19,13,NA,23,32,9,NA,377,377,https://stats.ncaa.org/teams/595054
Georgia St. Panthers,Georgia St.,Sun Belt,2025,0.235,0.316,0.329,1281,131,301,51,11,422,16,NA,104,50,115,6,19,272,59,14,4,NA,41,52,11,NA,395,306,https://stats.ncaa.org/teams/595227
Furman Paladins,Furman,SoCon,2025,0.24,0.321,0.334,1311,172,315,71,5,438,14,1,144,21,147,18,37,245,56,20,13,NA,36,43,7,NA,383,374,https://stats.ncaa.org/teams/595222
Northern Ky. Norse,Northern Ky.,Horizon,2025,0.26,0.347,0.385,1247,216,324,77,11,480,19,2,137,36,193,11,22,237,55,10,2,NA,40,46,6,NA,286,388,https://stats.ncaa.org/teams/595310
Jackson St. Lady Tigers,Jackson St.(AQ),SWAC,2025,0.301,0.395,0.411,1307,301,394,60,19,537,15,NA,192,22,241,17,37,223,63,10,7,NA,145,165,20,NA,363,316,https://stats.ncaa.org/teams/595334
Buffalo Bulls,Buffalo,MAC,2025,0.26,0.358,0.376,1240,197,322,57,12,466,21,NA,179,22,181,18,10,275,84,15,8,NA,57,68,11,NA,302,334,https://stats.ncaa.org/teams/595209
ETSU Buccaneers (Bucs),ETSU,SoCon,2025,0.266,0.339,0.331,1445,197,384,59,NA,479,12,2,148,19,185,12,24,288,75,9,5,NA,32,40,8,NA,426,343,https://stats.ncaa.org/teams/595150
Alabama St. Lady Hornets,Alabama St.,SWAC,2025,0.258,0.328,0.341,1324,230,341,48,10,451,14,1,116,28,194,12,24,233,57,13,2,NA,71,84,13,NA,425,282,https://stats.ncaa.org/teams/595186
UMBC Retrievers,UMBC,America East,2025,0.258,0.341,0.397,1276,205,329,46,3,507,42,NA,134,28,189,3,8,265,72,9,8,NA,31,38,7,NA,338,316,https://stats.ncaa.org/teams/595269
Tennessee Tech Golden Eagles,Tennessee Tech,OVC,2025,0.266,0.339,0.345,1460,224,388,68,7,503,11,2,154,17,193,18,50,220,54,23,8,NA,83,101,18,NA,445,418,https://stats.ncaa.org/teams/595098
Central Conn. St. Blue Devils,Central Conn. St.,NEC,2025,0.238,0.319,0.382,1285,165,306,68,6,491,35,NA,144,14,153,10,11,280,87,9,4,NA,30,35,5,NA,322,356,https://stats.ncaa.org/teams/595130
Evansville Purple Aces,Evansville,MVC,2025,0.265,0.371,0.432,1432,260,380,72,5,618,52,NA,231,21,236,20,20,269,83,14,7,NA,39,50,11,NA,320,459,https://stats.ncaa.org/teams/595153
Kennesaw St. Owls,Kennesaw St.,CUSA,2025,0.24,0.322,0.349,1365,166,327,76,4,477,22,NA,144,26,158,10,32,261,82,16,2,NA,30,40,10,NA,362,424,https://stats.ncaa.org/teams/595171
Kent St. Golden Flashes,Kent St.,MAC,2025,0.298,0.374,0.425,1399,264,417,71,13,595,27,NA,151,25,237,12,28,206,60,10,3,NA,35,47,12,NA,375,390,https://stats.ncaa.org/teams/595252
UC San Diego Tritons,UC San Diego,Big West,2025,0.253,0.323,0.334,1250,172,316,51,3,418,15,5,91,44,148,12,45,187,41,9,7,NA,59,74,15,NA,380,371,https://stats.ncaa.org/teams/595302
Western Mich. Broncos,Western Mich.,MAC,2025,0.276,0.349,0.433,1323,201,365,67,9,573,41,1,118,39,187,15,31,207,44,15,5,NA,46,56,10,NA,330,432,https://stats.ncaa.org/teams/595124
Bowling Green Falcons,Bowling Green,MAC,2025,0.262,0.347,0.381,1366,219,358,57,12,520,27,NA,153,32,193,12,31,295,79,11,6,NA,51,58,7,NA,273,420,https://stats.ncaa.org/teams/595203
Bryant Bulldogs,Bryant,America East,2025,0.271,0.368,0.415,1342,247,364,71,7,557,36,1,175,36,221,9,45,270,69,20,10,NA,78,100,22,NA,369,342,https://stats.ncaa.org/teams/595207
Rider Broncs,Rider,MAAC,2025,0.253,0.319,0.368,1561,209,395,88,8,574,25,NA,131,23,198,8,32,297,73,14,6,NA,25,33,8,NA,399,455,https://stats.ncaa.org/teams/595065
Queens (NC) Royals,Queens (NC),ASUN,2025,0.253,0.341,0.369,1377,184,349,48,3,508,35,NA,144,43,171,9,33,261,67,12,9,NA,38,47,9,NA,388,383,https://stats.ncaa.org/teams/595303
Green Bay Phoenix,Green Bay,Horizon,2025,0.278,0.346,0.375,1337,179,372,65,8,501,16,1,117,24,160,6,44,291,89,11,5,NA,18,27,9,NA,326,354,https://stats.ncaa.org/teams/595163
Oakland Golden Grizzlies,Oakland,Horizon,2025,0.268,0.326,0.367,1209,173,324,50,14,444,14,NA,97,10,157,8,12,207,52,9,3,1,44,51,7,NA,298,358,https://stats.ncaa.org/teams/595048
CSU Bakersfield Roadrunners,CSU Bakersfield,Big West,2025,0.264,0.339,0.367,1243,179,328,42,7,456,24,5,122,23,157,7,12,196,45,15,NA,NA,57,73,16,NA,302,399,https://stats.ncaa.org/teams/595212
George Mason Patriots,George Mason,Atlantic 10,2025,0.224,0.315,0.338,1323,200,297,46,19,447,22,NA,151,29,186,12,18,293,71,15,7,NA,81,104,23,NA,349,363,https://stats.ncaa.org/teams/595223
Valparaiso Beacons,Valparaiso,MVC,2025,0.242,0.336,0.305,1317,175,319,42,4,402,11,1,170,20,155,8,42,224,86,9,4,NA,40,45,5,NA,430,341,https://stats.ncaa.org/teams/595115
Massachusetts Minutewomen,Massachusetts,Atlantic 10,2025,0.243,0.327,0.33,1257,146,305,53,15,415,9,NA,139,26,126,14,11,225,58,18,8,NA,48,54,6,NA,365,352,https://stats.ncaa.org/teams/595272
DePaul Blue Demons,DePaul,Big East,2025,0.256,0.349,0.375,1209,189,310,64,5,453,23,1,142,36,180,11,23,201,63,11,NA,NA,38,49,11,NA,291,409,https://stats.ncaa.org/teams/595143
Georgetown Hoyas,Georgetown,Big East,2025,0.249,0.324,0.383,1092,162,272,49,5,418,29,NA,98,25,145,6,25,231,67,7,4,NA,43,47,4,NA,316,264,https://stats.ncaa.org/teams/595225
Towson Tigers,Towson,CAA,2025,0.286,0.361,0.439,1418,272,405,82,23,623,30,NA,149,23,239,10,17,232,51,11,6,NA,29,34,5,NA,348,400,https://stats.ncaa.org/teams/595109
Presbyterian Blue Hose,Presbyterian,Big South,2025,0.27,0.336,0.383,1226,180,331,64,4,469,22,NA,105,19,170,5,22,228,59,16,8,NA,46,54,8,NA,356,288,https://stats.ncaa.org/teams/595172
Bellarmine Knights,Bellarmine,ASUN,2025,0.209,0.297,0.287,995,92,208,35,2,286,13,NA,112,13,72,3,7,132,51,16,11,NA,23,34,11,NA,289,344,https://stats.ncaa.org/teams/595301
FDU Knights,FDU,NEC,2025,0.282,0.362,0.366,1332,209,375,60,8,487,12,NA,155,22,187,14,18,191,46,18,8,NA,50,65,15,NA,398,355,https://stats.ncaa.org/teams/595155
Le Moyne Dolphins,Le Moyne,NEC,2025,0.25,0.339,0.353,1018,177,255,46,2,359,18,NA,124,18,150,11,22,226,54,14,8,NA,50,61,11,NA,278,247,https://stats.ncaa.org/teams/595308
Portland St. Vikings,Portland St.,Big Sky,2025,0.237,0.321,0.326,1250,176,296,56,4,408,16,NA,132,29,154,14,24,257,66,16,13,NA,38,47,9,NA,360,325,https://stats.ncaa.org/teams/595312
South Carolina St. Lady Bulldogs,South Carolina St.,MEAC,2025,0.273,0.349,0.379,1056,168,288,40,12,400,16,NA,113,12,133,4,17,239,53,13,2,NA,84,91,7,NA,255,250,https://stats.ncaa.org/teams/595081
Lafayette Leopards,Lafayette,Patriot,2025,0.247,0.312,0.319,963,98,238,43,4,307,6,NA,76,16,79,3,12,165,47,11,3,NA,35,49,14,NA,239,313,https://stats.ncaa.org/teams/595254
West Ga. Wolves,West Ga.,ASUN,2025,0.25,0.323,0.345,1320,185,330,54,6,456,20,NA,134,11,159,7,35,289,71,17,6,NA,50,58,8,NA,376,322,https://stats.ncaa.org/teams/595458
Colgate Raiders,Colgate,Patriot,2025,0.247,0.345,0.386,1286,189,317,53,6,496,38,NA,152,48,172,14,18,227,70,20,6,NA,21,26,5,NA,321,421,https://stats.ncaa.org/teams/595135
Cal Poly Mustangs,Cal Poly,Big West,2025,0.231,0.302,0.292,1148,99,265,37,6,335,7,NA,100,20,89,6,41,172,53,24,11,NA,21,26,5,NA,384,345,https://stats.ncaa.org/teams/595211
UT Martin Skyhawks,UT Martin,OVC,2025,0.246,0.318,0.346,1231,172,303,37,10,426,22,NA,120,12,144,5,27,287,84,9,4,NA,87,102,15,NA,310,317,https://stats.ncaa.org/teams/595100
Wagner Seahawks,Wagner,NEC,2025,0.243,0.363,0.311,970,130,236,41,2,302,7,NA,163,25,118,11,13,182,45,11,4,NA,32,47,15,NA,290,262,https://stats.ncaa.org/teams/595118
Penn Quakers,Penn,Ivy League,2025,0.235,0.327,0.311,901,107,212,21,7,280,11,NA,100,28,99,10,18,177,54,8,6,NA,28,37,9,NA,269,248,https://stats.ncaa.org/teams/595056
Delaware St. Hornets,Delaware St.,MEAC,2025,0.264,0.328,0.339,1269,198,335,57,10,430,6,1,105,19,163,7,31,199,49,9,1,NA,75,102,27,NA,420,272,https://stats.ncaa.org/teams/595144
N.C. Central Eagles,N.C. Central,MEAC,2025,0.267,0.325,0.351,1144,168,305,51,11,402,8,NA,89,15,138,9,26,229,51,9,3,NA,66,74,8,NA,316,288,https://stats.ncaa.org/teams/595036
East Texas A&M Lions,East Texas A&M,Southland,2025,0.241,0.312,0.388,1236,160,298,51,8,479,38,NA,112,18,143,6,33,301,58,16,4,NA,51,63,12,NA,350,295,https://stats.ncaa.org/teams/595307
Texas Southern Lady Tigers,Texas Southern,SWAC,2025,0.277,0.362,0.371,960,152,266,50,5,356,10,NA,113,20,137,9,26,151,35,7,4,NA,35,49,14,NA,242,306,https://stats.ncaa.org/teams/595102
A&M-Corpus Christi Islanders,A&M-Corpus Christi,Southland,2025,0.227,0.306,0.312,1133,121,257,45,6,353,13,NA,113,18,106,6,44,219,44,9,3,NA,36,46,10,NA,320,356,https://stats.ncaa.org/teams/595180
Kansas City Roos,Kansas City,Summit League,2025,0.24,0.33,0.303,1096,111,263,43,1,332,8,NA,140,10,102,7,18,194,52,26,8,NA,17,22,5,NA,312,321,https://stats.ncaa.org/teams/595176
Alabama A&M Bulldogs,Alabama A&M,SWAC,2025,0.298,0.378,0.397,1015,209,302,52,8,403,11,NA,113,23,163,7,23,156,28,10,4,NA,91,111,20,NA,259,279,https://stats.ncaa.org/teams/595185
Rhode Island Rams,Rhode Island,Atlantic 10,2025,0.248,0.326,0.309,1260,151,313,39,5,389,9,NA,124,29,131,15,22,186,38,18,10,NA,18,24,6,NA,380,362,https://stats.ncaa.org/teams/595064
UMass Lowell River Hawks,UMass Lowell,America East,2025,0.237,0.329,0.299,1135,153,269,46,6,339,4,NA,141,17,132,4,27,245,87,16,7,1,69,83,14,NA,372,231,https://stats.ncaa.org/teams/595262
Niagara Purple Eagles,Niagara,MAAC,2025,0.276,0.349,0.441,1065,189,294,59,6,470,35,NA,98,29,174,13,17,195,66,10,5,NA,25,29,4,NA,267,303,https://stats.ncaa.org/teams/595295
Southern U. Lady Jaguars,Southern U.,SWAC,2025,0.254,0.339,0.345,1144,190,291,58,8,395,10,NA,123,29,169,12,13,184,42,11,4,NA,78,101,23,NA,300,338,https://stats.ncaa.org/teams/595088
Northwestern St. Lady Demons,Northwestern St.,Southland,2025,0.233,0.321,0.328,1295,163,302,57,9,425,16,NA,141,31,137,10,25,207,46,12,5,NA,43,49,6,NA,367,410,https://stats.ncaa.org/teams/595045
Detroit Mercy Titans,Detroit Mercy,Horizon,2025,0.223,0.296,0.308,1067,117,238,38,7,329,13,NA,92,23,105,10,15,249,65,16,4,NA,32,45,13,NA,282,283,https://stats.ncaa.org/teams/595146
Morgan St. Lady Bears,Morgan St.,MEAC,2025,0.234,0.309,0.303,1158,159,271,43,8,351,7,NA,118,10,130,7,16,219,49,14,4,NA,46,62,16,NA,357,279,https://stats.ncaa.org/teams/595338
Youngstown St. Penguins,Youngstown St.,Horizon,2025,0.277,0.353,0.36,1418,209,393,52,4,510,19,1,154,17,180,11,27,232,67,13,6,NA,24,27,3,NA,364,415,https://stats.ncaa.org/teams/595166
Stonehill Skyhawks,Stonehill,NEC,2025,0.26,0.335,0.334,1310,185,340,48,5,437,13,NA,123,30,163,10,30,229,50,16,9,NA,47,63,16,NA,410,310,https://stats.ncaa.org/teams/595306
Monmouth Hawks,Monmouth,CAA,2025,0.233,0.323,0.29,1268,138,295,50,4,368,5,NA,155,20,123,13,35,257,84,9,1,NA,53,63,10,NA,346,380,https://stats.ncaa.org/teams/595283
Manhattan Jaspers,Manhattan,MAAC,2025,0.236,0.326,0.309,1093,134,258,51,4,338,7,NA,120,30,115,10,20,229,70,10,3,NA,44,53,9,NA,264,349,https://stats.ncaa.org/teams/595266
Norfolk St. Spartans,Norfolk St.,MEAC,2025,0.259,0.325,0.373,1100,173,285,58,17,410,11,NA,88,24,143,9,39,218,56,7,1,NA,122,149,27,NA,315,289,https://stats.ncaa.org/teams/595297
Morehead St. Eagles,Morehead St.,OVC,2025,0.273,0.345,0.383,1244,204,340,66,8,476,18,NA,121,22,178,15,18,201,35,10,1,NA,24,32,8,NA,331,350,https://stats.ncaa.org/teams/595285
N.C. A&T Aggies,N.C. A&T,CAA,2025,0.258,0.332,0.392,1249,202,322,55,16,490,27,NA,125,17,175,8,17,283,59,7,1,NA,74,84,10,NA,334,285,https://stats.ncaa.org/teams/595298
Ark.-Pine Bluff Lady Lions,Ark.-Pine Bluff,SWAC,2025,0.247,0.322,0.353,1076,143,266,59,8,380,13,NA,102,20,135,7,20,194,46,5,2,NA,16,19,3,NA,266,338,https://stats.ncaa.org/teams/595174
UIC Flames,UIC,MVC,2025,0.247,0.306,0.32,1406,181,347,57,8,450,10,NA,113,10,158,6,32,203,47,20,8,NA,11,18,7,NA,456,369,https://stats.ncaa.org/teams/595241
Merrimack Warriors,Merrimack,MAAC,2025,0.235,0.316,0.315,1135,121,267,48,6,357,10,NA,122,13,109,4,17,302,79,12,5,NA,49,62,13,NA,320,231,https://stats.ncaa.org/teams/595161
Montana Grizzlies,Montana,Big Sky,2025,0.227,0.305,0.336,1185,150,269,57,6,398,20,NA,105,32,135,11,14,228,61,18,10,NA,42,52,10,NA,279,392,https://stats.ncaa.org/teams/595284
St. Bonaventure Bonnies,St. Bonaventure,Atlantic 10,2025,0.258,0.335,0.341,1118,146,288,53,8,381,8,NA,118,16,120,7,31,256,76,13,5,NA,35,40,5,NA,355,223,https://stats.ncaa.org/teams/595069
Drexel Dragons,Drexel,CAA,2025,0.263,0.321,0.373,1143,156,301,54,7,426,19,NA,95,7,141,9,7,174,49,13,7,NA,26,34,8,NA,327,326,https://stats.ncaa.org/teams/595148
Western Ill. Leathernecks,Western Ill.,OVC,2025,0.301,0.369,0.419,1290,200,388,65,11,541,22,NA,135,13,179,13,32,186,36,12,6,NA,40,51,11,NA,334,386,https://stats.ncaa.org/teams/595122
Hampton Lady Pirates,Hampton,CAA,2025,0.262,0.338,0.356,1260,184,330,47,13,448,15,NA,132,17,151,9,20,228,74,16,1,1,17,23,6,NA,317,358,https://stats.ncaa.org/teams/595231
Holy Cross Crusaders,Holy Cross,Patriot,2025,0.212,0.288,0.29,1111,104,235,40,1,322,15,NA,105,18,95,9,19,181,69,4,3,NA,29,38,9,NA,317,378,https://stats.ncaa.org/teams/595234
Maine Black Bears,Maine,America East,2025,0.205,0.307,0.296,1200,161,246,49,6,355,16,NA,167,19,148,19,17,338,80,13,4,NA,49,56,7,NA,246,367,https://stats.ncaa.org/teams/595265
Mount St. Mary's Mountaineers,Mount St. Mary's,MAAC,2025,0.228,0.29,0.307,1259,122,287,59,5,386,10,NA,87,24,98,3,29,265,68,12,3,NA,49,70,21,NA,358,340,https://stats.ncaa.org/teams/595286
Grambling Lady Tigers,Grambling,SWAC,2025,0.264,0.377,0.342,1183,259,312,49,11,404,7,NA,195,33,207,20,21,202,49,14,5,1,123,147,24,NA,317,311,https://stats.ncaa.org/teams/595230
Saint Peter's Peacocks,Saint Peter's,MAAC,2025,0.277,0.339,0.362,1303,188,361,68,2,472,13,1,105,24,165,13,20,201,42,18,5,NA,26,30,4,NA,363,362,https://stats.ncaa.org/teams/595073
Alcorn Lady Braves,Alcorn,SWAC,2025,0.262,0.331,0.357,973,160,255,41,9,347,11,NA,95,14,123,18,32,148,30,8,2,NA,71,87,16,NA,289,275,https://stats.ncaa.org/teams/595189
Mercyhurst Lakers,Mercyhurst,NEC,2025,0.242,0.305,0.37,958,101,232,51,4,354,21,NA,73,15,89,4,14,201,47,8,4,NA,20,29,9,NA,264,247,https://stats.ncaa.org/teams/595550
Mississippi Val. Devilettes,Mississippi Val.,SWAC,2025,0.203,0.283,0.245,759,103,154,14,3,186,4,NA,76,9,82,2,11,192,53,7,5,NA,20,27,7,NA,234,148,https://stats.ncaa.org/teams/595280
Coppin St. Eagles,Coppin St.,MEAC,2025,0.24,0.314,0.358,776,113,186,35,12,278,11,NA,75,12,95,7,17,160,50,9,3,NA,35,40,5,NA,217,191,https://stats.ncaa.org/teams/595139
UMES Hawks,UMES,MEAC,2025,0.21,0.284,0.27,1010,107,212,35,7,273,4,NA,94,13,72,5,13,253,74,11,3,NA,82,104,22,NA,253,227,https://stats.ncaa.org/teams/595271
